timestamp,sim_id,agent,avg_total,avg_color,avg_obj,avg_cat,avg_ms_per_game,num_games,depth,top_k
2026-06-13 08:42:47,h0o7hq82,OneStepLookaheadAgent Standard,30.57,16.92,3.05,10.6,125.35694985002921,100
2026-06-13 09:59:21,yilaks05,MultiStepLookaheadAgent Standard,35.69,18.21,4.46,13.02,702.8724629800126,100,2
2026-06-13 10:26:29,0hd6jdg4,MultiStepLookaheadAgent PotentialScoring,38.63,22.92,7.73,7.98,1689.0864082900225,100,2
2026-06-13 11:32:02,oy7tioef,MultiStepLookaheadAgent PotentialScoring Optimized,52.23,19.08,23.54,9.61,25024.258050210046,100,3
2026-06-13 12:13:22,5s99twdj,BaselineQLearningAgent,20.37,13.83,1.45,5.09,25.199286069982918,100
2026-06-13 12:14:07,auu6w4wg,SB3Agent,36.71,19.83,11.84,5.04,21.53885948995594,100
2026-06-13 12:20:37,0r1ir80i,MonteCarloTreeSearchAgent Standard,37.17,15.6,7.38,14.19,2738.351523329984,100,50,1.41
2026-06-13 12:26:28,agot5qjo,MonteCarloTreeSearchAgent PotentialScoring Optimized,38.97,15.72,7.94,15.31,2863.6586810200242,100,50,1.41
2026-06-13 12:42:02,rysmatyv,DeepMCTSAgent,14.61,8.46,0.89,5.26,2876.3214196800254,100
